filename,brand_name,class_type,abv,net_contents,producer,country_of_origin
01_bourbon_clean.png,OLD TOM DISTILLERY,Kentucky Straight Bourbon Whiskey,45% Alc./Vol. (90 Proof),750 mL,"Old Tom Distillery, Bardstown, KY",
02_bourbon_abv_mismatch.png,OLD TOM DISTILLERY,Kentucky Straight Bourbon Whiskey,40% Alc./Vol. (80 Proof),750 mL,"Old Tom Distillery, Bardstown, KY",
03_bourbon_titlecase_warning.png,OLD TOM DISTILLERY,Kentucky Straight Bourbon Whiskey,45% Alc./Vol. (90 Proof),750 mL,"Old Tom Distillery, Bardstown, KY",
04_stones_throw_case.png,Stone's Throw,American Single Malt Whiskey,43%,750 mL,Stone's Throw Distilling Co.,
05_bourbon_altered_warning.png,OLD TOM DISTILLERY,Kentucky Straight Bourbon Whiskey,45% Alc./Vol. (90 Proof),750 mL,"Old Tom Distillery, Bardstown, KY",
06_bourbon_rotated.png,OLD TOM DISTILLERY,Kentucky Straight Bourbon Whiskey,45% Alc./Vol. (90 Proof),750 mL,"Old Tom Distillery, Bardstown, KY",
07_bourbon_photo.jpg,OLD TOM DISTILLERY,Kentucky Straight Bourbon Whiskey,45% Alc./Vol. (90 Proof),750 mL,"Old Tom Distillery, Bardstown, KY",
08_wine_missing_warning.png,Chateau Belle Riviere,Red Wine,12.5%,750 mL,"Belle Rivière, Bordeaux",Product of France
09_gin_missing_net_contents.png,HARBOR LIGHT GIN,Distilled Gin,47%,750 mL,Harbor Light Spirits,
